Workbook

Sheet predict
A1: AIC_BXII | B1: AIC_Ray | C1: AIC_GAMMA | D1: AIC_BXIIARMA | E1: AIC_ETS | F1: AIC_ARMA | G1: AIC_SARMA | H1: BIC_BXII | I1: BIC_Ray | J1: BIC_GAMMA | K1: BIC_BXIIARMA | L1: BIC_ETS | M1: BIC_ARMA | N1: BIC_SARMA | O1: MAE_BXII | P1: MAE_Ray | Q1: MAE_BXIIARMA | R1: MAE_ETS | S1: MAE_ARMA | T1: MAE_SARMA | U1: MAPE_BXII | V1: MAPE_Ray | W1: MAPE_BXIIARMA | X1: MAPE_ETS | Y1: MAPE_ARMA | Z1: MAPE_SARMA | AA1: RMSE_BXII | AB1: RMSE_Ray | AC1: RMSE_BXIIARMA | AD1: RMSE_ETS | AE1: RMSE_ARMA | AF1: RMSE_SARMA | AG1: pv_LB_BXII | AH1: pv_LB_Ray | AI1: pv_LB_BXIIARMA | AJ1: pv_LB_ETS | AK1: pv_LB_ARMA | AL1: pv_LB_SARMA | AM1: MAE_BXII_out | AN1: MAE_Ray_out | AO1: MAE_BXIIARMA_out | AP1: MAE_ETS_out | AQ1: MAE_ARMA_out | AR1: MAE_SARMA_out | AS1: RMSE_BXII_out | AT1: RMSE_Ray_out | AU1: RMSE_BXIIARMA_out | AV1: RMSE_ETS_out | AW1: RMSE_ARMA_out | AX1: RMSE_SARMA_out | AY1: MAPE_BXII_out | AZ1: MAPE_Ray_out | BA1: MAPE_BXIIARMA_out | BB1: MAPE_ETS_out | BC1: MAPE_ARMA_out | BD1: MAPE_SARMA_out | BE1: SERIES | BF1: ponto_AIC | BG1: ponto_BIC | BH1: ponto_MAE | BI1: Ponto_MAPE | BJ1: ponto_RMSE | BK1: ponto_PV | BL1: ponto_MAE_OUT | BM1: ponto_rmse_OUT | BN1: ponto_MApE_OUT | BO1: SOMA PREDICT | BP1: SOMA FORECAST
A2: #NULL! | B2: 314.00108 | D2: #NULL! | E2: 798.07505 | F2: 384.02262 | G2: 367.4221 | H2: 233.39824 | I2: 326.40054 | K2: 269.99448 | L2: 850.77278 | M2: 396.42208 | N2: 382.92144 | O2: 0.39674613 | P2: 0.49987926 | Q2: 0.56269125 | R2: 0.48347601 | S2: 0.41979244 | T2: 0.4366246 | U2: 30.070853 | V2: 45.103562 | W2: 51.521651 | X2: 38.19378 | Y2: 37.793213 | Z2: 38.84885 | AA2: 0.78342015 | AB2: 0.84678347 | AC2: 0.99058501 | AD2: 0.80216889 | AE2: 0.76029059 | AF2: 0.71488712 | AG2: 0 | AH2: 0.001 | AI2: 0 | AJ2: 0.0003 | AK2: 0.0179 | AL2: 0.545 | AM2: 0.18895405 | AN2: 0.36497275 | AO2: 0.52353475 | AP2: 0.34959225 | AQ2: 0.19009076 | AR2: 0.16457923 | AS2: 0.24313943 | AT2: 0.42659531 | AU2: 0.62710167 | AV2: 0.43408656 | AW2: 0.23211752 | AX2: 0.22545804 | AY2: 15.252954 | AZ2: 30.685744 | BA2: 50.10275 | BB2: 30.824126 | BC2: 17.01426 | BD2: 14.402461 | BE2: BAIXO.IGUACU | BF2: 0 | BG2: 1 | BH2: 1 | BI2: 1 | BJ2: 0 | BK2: 0 | BL2: 0 | BM2: 0 | BN2: 0 | BO2: =SUM(BH2:BJ2) -> 2 | BP2: =SUM(BL2:BN2) -> 0
A3: -130.91171 | B3: -97.948804 | C3: #NULL! | D3: #NULL! | E3: 381.51633 | F3: -6.643182 | G3: -5.911149 | H3: -112.31251 | I3: -82.449472 | J3: -75.036259 | K3: -110.44711 | L3: 434.21405 | M3: 5.7562837 | N3: 9.5881831 | O3: 0.14988681 | P3: 0.16832581 | Q3: 0.15830567 | R3: 0.15299715 | S3: 0.1663015 | T3: 0.16449953 | U3: 93.957529 | V3: 133.14452 | W3: 77.842716 | X3: 101.24465 | Y3: 123.28187 | Z3: 121.59906 | AA3: 0.22352864 | AB3: 0.23216798 | AC3: 0.23569363 | AD3: 0.22527527 | AE3: 0.2313001 | AF3: 0.23032821 | AG3: 0.0812 | AH3: 0.1361 | AI3: 0.4634 | AJ3: 0.0524 | AK3: 0.8861 | AL3: 0.9094 | AM3: 0.44956739 | AN3: 0.71355463 | AO3: 0.34661596 | AP3: 0.42896993 | AQ3: 0.39586427 | AR3: 0.39609535 | AS3: 0.61747451 | AT3: 1.4576243 | AU3: 0.44042973 | AV3: 0.57182584 | AW3: 0.52537864 | AX3: 0.52843192 | AY3: 56.565365 | AZ3: 103.59254 | BA3: 89.438001 | BB3: 78.856542 | BC3: 60.776083 | BD3: 59.661182 | BE3: BARRA.GRANDE | BF3: 1 | BG3: 1 | BH3: 1 | BI3: 0 | BJ3: 1 | BK3: 1 | BL3: 0 | BM3: 0 | BN3: 1 | BO3: =SUM(BH3:BJ3) -> 2 | BP3: =SUM(BL3:BN3) -> 1
A4: #NULL! | B4: -65.905568 | C4: #NULL! | D4: -26.984601 | E4: 434.59737 | F4: 32.380513 | G4: 34.225454 | H4: -83.049546 | I4: -53.506103 | J4: -30.705161 | K4: -11.485269 | L4: 487.2951 | M4: 44.779978 | N4: 49.724787 | O4: 0.16254265 | P4: 0.20440283 | Q4: 0.20984179 | R4: 0.18882429 | S4: 0.17801621 | T4: 0.17809907 | U4: 70.800138 | V4: 96.623697 | W4: 95.786707 | X4: 85.236423 | Y4: 93.288565 | Z4: 93.572112 | AA4: 0.25237966 | AB4: 0.33220497 | AC4: 0.30957849 | AD4: 0.26484785 | AE4: 0.26047577 | AF4: 0.2603436 | AG4: 0.0121 | AH4: 0.0756 | AI4: 0 | AJ4: 0.0015 | AK4: 0.3295 | AL4: 0.3545 | AM4: 0.51025712 | AN4: 1.8680124 | AO4: 0.48594773 | AP4: 0.54764482 | AQ4: 0.47879035 | AR4: 0.47399095 | AS4: 0.68691072 | AT4: 3.9139531 | AU4: 0.7396539 | AV4: 0.72824345 | AW4: 0.66540744 | AX4: 0.66249593 | AY4: 63.632537 | AZ4: 176.23309 | BA4: 44.216854 | BB4: 69.03899 | BC4: 53.482777 | BD4: 51.976499 | BE4: CAMPOS.NOVOS | BF4: 0 | BG4: 1 | BH4: 1 | BI4: 1 | BJ4: 1 | BK4: 0 | BL4: 0 | BM4: 0 | BN4: 0 | BO4: =SUM(BH4:BJ4) -> 3 | BP4: =SUM(BL4:BN4) -> 0
A5: #NULL! | B5: #NULL! | D5: #NULL! | E5: -1218.4114 | F5: -1609.1355 | G5: -1627.5092 | H5: -1610.4537 | I5: -1452.2407 | K5: -1598.0306 | L5: -1162.6138 | M5: -1596.736 | N5: -1608.91 | O5: 0.0011265255 | P5: 0.0015042978 | Q5: 0.0011822292 | R5: 0.001195047 | S5: 0.00124904 | T5: 0.0011883476 | U5: 37.107133 | V5: 38.690156 | W5: 38.670992 | X5: 37.261987 | Y5: 38.449502 | Z5: 34.326449 | AA5: 0.0016983016 | AB5: 0.0018483096 | AC5: 0.0017830567 | AD5: 0.0017047137 | AE5: 0.0017469954 | AF5: 0.0016021369 | AG5: #NUM! | AH5: 0.0604 | AI5: #NUM! | AJ5: 0 | AK5: 0.0202 | AL5: 0.0042 | AM5: 0.0015104393 | AN5: 0.0016724478 | AO5: 0.0018726468 | AP5: 0.0017988629 | AQ5: 0.0013999488 | AR5: 0.0013848716 | AS5: 0.0023133364 | AT5: 0.0023140019 | AU5: 0.003279322 | AV5: 0.0025067269 | AW5: 0.002138204 | AX5: 0.0021368329 | AY5: 106.05162 | AZ5: 100.43696 | BA5: 155.24701 | BB5: 111.67801 | BC5: 98.070083 | BD5: 97.15685 | BE5: CANASTRA | BF5: 0 | BG5: 1 | BH5: 1 | BI5: 0 | BJ5: 0 | BK5: 0 | BL5: 0 | BM5: 0 | BN5: 0 | BO5: =SUM(BH5:BJ5) -> 1 | BP5: =SUM(BL5:BN5) -> 0
A6: #NULL! | B6: -261.78257 | C6: #NULL! | D6: #NULL! | E6: 229.42326 | F6: -144.254 | G6: -148.28623 | H6: -271.7639 | I6: -246.28324 | J6: -242.50479 | K6: -281.32613 | L6: 282.12099 | M6: -131.85453 | N6: -129.68704 | O6: 0.10340809 | P6: 0.11005063 | Q6: 0.099682728 | R6: 0.098281748 | S6: 0.10762443 | T6: 0.10296285 | U6: 94.228595 | V6: 137.05914 | W6: 84.082661 | X6: 120.92486 | Y6: 132.38676 | Z6: 127.53314 | AA6: 0.166262 | AB6: 0.15261124 | AC6: 0.15066994 | AD6: 0.14168761 | AE6: 0.15206091 | AF6: 0.14606159 | AG6: 0.6251 | AH6: 0.256 | AI6: 0.6164 | AJ6: 0.5044 | AK6: 0.5289 | AL6: 0.9686 | AM6: 1.4158069 | AN6: 59.9483 | AO6: 0.37856758 | AP6: 0.40156132 | AQ6: 0.32225596 | AR6: 0.31210103 | AS6: 3.8584609 | AT6: 206.28564 | AU6: 0.48497376 | AV6: 0.56380963 | AW6: 0.53221996 | AX6: 0.53204775 | AY6: 204.61978 | AZ6: 7782.5919 | BA6: 174.83261 | BB6: 118.32501 | BC6: 71.456299 | BD6: 59.058581 | BE6: CASTRO.ALVES | BF6: 0 | BG6: 0 | BH6: 0 | BI6: 0 | BJ6: 0 | BK6: 1 | BL6: 0 | BM6: 0 | BN6: 0 | BO6: =SUM(BH6:BJ6) -> 0 | BP6: =SUM(BL6:BN6) -> 0
A7: -195.82856 | B7: -173.14738 | C7: #NULL! | D7: #NULL! | E7: 308.91147 | F7: -88.383289 | G7: -86.940903 | H7: -177.22937 | I7: -160.74791 | J7: -96.014477 | K7: -199.34111 | L7: 364.70907 | M7: -75.983824 | N7: -71.441571 | O7: 0.24287793 | P7: 0.127847 | Q7: 0.11031125 | R7: 0.12931106 | S7: 0.12480613 | T7: 0.12553273 | U7: 50.894387 | V7: 37.022156 | W7: 30.874004 | X7: 41.616872 | Y7: 41.126548 | Z7: 41.553232 | AA7: 1.0640005 | AB7: 0.20033275 | AC7: 0.17142061 | AD7: 0.17944509 | AE7: 0.18015067 | AF7: 0.17982194 | AG7: 0.7216 | AH7: 0.8337 | AI7: 0.8876 | AJ7: 0.0094 | AK7: 0.4992 | AL7: 0.4763 | AM7: #NUM! | AN7: 1.8322956 | AO7: 0.90935277 | AP7: 0.59106466 | AQ7: 0.4711127 | AR7: 0.47288669 | AS7: #NUM! | AT7: 3.097046 | AU7: 1.2611344 | AV7: 0.75482824 | AW7: 0.6935524 | AX7: 0.69555753 | AY7: #NUM! | AZ7: 205.2358 | BA7: 137.85631 | BB7: 74.29583 | BC7: 44.415793 | BD7: 44.494914 | BE7: D.FRANCISCA | BF7: 1 | BG7: 0 | BH7: 0 | BI7: 0 | BJ7: 0 | BK7: 1 | BL7: 0 | BM7: 0 | BN7: 0 | BO7: =SUM(BH7:BJ7) -> 0 | BP7: =SUM(BL7:BN7) -> 0
A8: #NULL! | B8: -810.39106 | C8: #NULL! | D8: -823.98004 | E8: -344.91023 | F8: -743.33163 | G8: -743.41022 | H8: -794.81056 | I8: -794.89173 | J8: -761.5872 | K8: -808.4807 | L8: -289.11263 | M8: -730.93216 | N8: -724.81102 | O8: 0.021175936 | P8: 0.02010446 | Q8: 0.021409682 | R8: 0.017443932 | S8: 0.017487163 | T8: 0.017032498 | U8: 68.635169 | V8: 81.250306 | W8: 82.09896 | X8: 76.314797 | Y8: 78.771024 | Z8: 75.954884 | AA8: 0.052802826 | AB8: 0.031393447 | AC8: 0.033064318 | AD8: 0.024447071 | AE8: 0.024466942 | AF8: 0.023739927 | AG8: 0.0128 | AH8: 0.0003 | AI8: 0 | AJ8: 0.0092 | AK8: 0.9182 | AL8: 0.9218 | AM8: 0.054187145 | AN8: 0.059330649 | AO8: 0.40583416 | AP8: 0.049190607 | AQ8: 0.042924449 | AR8: 0.042669299 | AS8: 0.073815247 | AT8: 0.075296377 | AU8: 0.4118723 | AV8: 0.063999599 | AW8: 0.059371895 | AX8: 0.058540089 | AY8: 50.057265 | AZ8: 62.871077 | BA8: 608.44523 | BB8: 56.723375 | BC8: 40.855293 | BD8: 40.985975 | BE8: ERNESTINA | BF8: 0 | BG8: 0 | BH8: 0 | BI8: 1 | BJ8: 0 | BK8: 0 | BL8: 0 | BM8: 0 | BN8: 0 | BO8: =SUM(BH8:BJ8) -> 1 | BP8: =SUM(BL8:BN8) -> 0
A9: 309.83162 | B9: 327.68222 | D9: #NULL! | E9: 816.94013 | F9: 419.05539 | G9: 420.97072 | H9: 325.33095 | I9: 340.08169 | K9: 350.01384 | L9: 869.63786 | M9: 431.45485 | N9: 436.47005 | O9: 0.49124978 | P9: 0.63754791 | Q9: 0.54302399 | R9: 0.60135357 | S9: 0.55934995 | T9: 0.56007887 | U9: 38.544628 | V9: 55.356076 | W9: 41.062858 | X9: 51.170278 | Y9: 53.117549 | Z9: 53.130431 | AA9: 0.81385784 | AB9: 1.042562 | AC9: 0.91099358 | AD9: 0.84965863 | AE9: 0.84654008 | AF9: 0.84629482 | AG9: 0.0746 | AH9: 0.0612 | AI9: 0 | AJ9: 0.0036 | AK9: 0.3571 | AL9: 0.3526 | AM9: 1.5916595 | AN9: 3.9147931 | AO9: 42.429285 | AP9: 2.227176 | AQ9: 1.7091688 | AR9: 1.7127935 | AS9: 2.5620098 | AT9: 6.5988275 | AU9: 118.41428 | AV9: 2.8386514 | AW9: 2.3875779 | AX9: 2.3995826 | AY9: 34.809902 | AZ9: 103.68809 | BA9: 764.06222 | BB9: 72.175516 | BC9: 44.494726 | BD9: 44.34531 | BE9: FOZ.CHAPECO | BF9: 1 | BG9: 1 | BH9: 1 | BI9: 1 | BJ9: 1 | BK9: 1 | BL9: 1 | BM9: 0 | BN9: 1 | BO9: =SUM(BH9:BJ9) -> 3 | BP9: =SUM(BL9:BN9) -> 2
A10: #NULL! | B10: #NULL! | C10: -442.16273 | D10: #NULL! | E10: 43.192687 | F10: -350.42523 | G10: -351.24952 | H10: -411.74688 | I10: -367.96281 | J10: -426.6634 | K10: -431.18347 | L10: 98.990283 | M10: -338.02577 | N10: -335.75018 | O10: 0.070064477 | P10: 0.06127053 | Q10: 0.048915464 | R10: 0.055455172 | S10: 0.052223724 | T10: 0.053281847 | U10: 78.176594 | V10: 110.69463 | W10: 58.540197 | X10: 76.598941 | Y10: 84.03875 | Z10: 84.757093 | AA10: 0.23970887 | AB10: 0.099476172 | AC10: 0.080751073 | AD10: 0.079818155 | AE10: 0.081098296 | AF10: 0.08035297 | AG10: 0.0916 | AH10: 0.0003 | AI10: 0.5491 | AJ10: 0.1006 | AK10: 0.9205 | AL10: 0.9826 | AM10: 0.048891254 | AN10: 0.060571644 | AO10: 0.16546342 | AP10: 0.10251626 | AQ10: 0.063330872 | AR10: 0.059855705 | AS10: 0.096073917 | AT10: 0.10258838 | AU10: 0.16915857 | AV10: 0.13353232 | AW10: 0.10617577 | AX10: 0.099896779 | AY10: 23.027501 | AZ10: 34.260932 | BA10: 159.59316 | BB10: 73.166345 | BC10: 34.137843 | BD10: 31.879408 | BE10: FUNDÃO | BF10: 0 | BG10: 0 | BH10: 0 | BI10: 0 | BJ10: 0 | BK10: 1 | BL10: 1 | BM10: 1 | BN10: 1 | BO10: =SUM(BH10:BJ10) -> 0 | BP10: =SUM(BL10:BN10) -> 3
A11: #NULL! | B11: 168.05353 | C11: 156.25957 | D11: #NULL! | E11: 599.54547 | F11: 208.20465 | G11: 205.4979 | H11: 161.75594 | I11: 180.45299 | J11: 171.7589 | K11: 162.098 | L11: 652.2432 | M11: 220.60412 | N11: 224.09709 | O11: 0.32614083 | P11: 0.36392981 | Q11: 0.32361878 | R11: 0.3203221 | S11: 0.3274442 | T11: 0.32583535 | U11: 61.386543 | V11: 85.712597 | W11: 58.768951 | X11: 62.664954 | Y11: 71.072453 | Z11: 69.865406 | AA11: 0.4806079 | AB11: 0.49472105 | AC11: 0.46415803 | AD11: 0.43792429 | AE11: 0.44524929 | AF11: 0.43524315 | AG11: 0.0017 | AH11: 0.009 | AI11: 0.0719 | AJ11: 0.0016 | AK11: 0.4362 | AL11: 0.7866 | AM11: 0.47257251 | AN11: 0.7148646 | AO11: 0.80481353 | AP11: 0.82701787 | AQ11: 0.57738035 | AR11: 0.61226588 | AS11: 0.8704721 | AT11: 1.1353192 | AU11: 1.0584266 | AV11: 1.0995004 | AW11: 0.90952952 | AX11: 0.96399102 | AY11: 35.48361 | AZ11: 58.273509 | BA11: 115.62301 | BB11: 85.880039 | BC11: 49.768697 | BD11: 50.940238 | BE11: G.B.MUNHOZ | BF11: 0 | BG11: 1 | BH11: 0 | BI11: 0 | BJ11: 0 | BK11: 0 | BL11: 1 | BM11: 1 | BN11: 1 | BO11: =SUM(BH11:BJ11) -> 0 | BP11: =SUM(BL11:BN11) -> 3 | BV11: FUNDÃO
A12: #NULL! | B12: #NULL! | D12: #NULL! | E12: -742.24511 | F12: -1138.1234 | G12: -1143.3437 | H12: -1113.2219 | I12: -1079.4257 | K12: -1140.9219 | L12: -686.44752 | M12: -1125.724 | N12: -1127.8444 | O12: 0.0060011919 | P12: 0.0058412252 | Q12: 0.0053527458 | R12: 0.0054403405 | S12: 0.0055730542 | T12: 0.0053586131 | U12: 29.932351 | V12: 26.761513 | W12: 25.719393 | X12: 25.650751 | Y12: 27.24819 | Z12: 26.609293 | AA12: 0.0085801765 | AB12: 0.0092025861 | AC12: 0.0069402261 | AD12: 0.0072799468 | AE12: 0.0073342438 | AF12: 0.0071619593 | AG12: 0 | AH12: 0.0022 | AI12: 0.183 | AJ12: 0.0005 | AK12: 0.2964 | AL12: 0.825 | AM12: 0.11173826 | AN12: 0.026268601 | AO12: 0.2036684 | AP12: 0.009760392 | AQ12: 0.009356537 | AR12: 0.0099484224 | AS12: 0.34974998 | AT12: 0.061394558 | AU12: 0.20428179 | AV12: 0.014570067 | AW12: 0.014758767 | AX12: 0.014985304 | AY12: 272.29426 | AZ12: 71.673913 | BA12: 958.45968 | BB12: 35.41945 | BC12: 34.711261 | BD12: 36.658616 | BE12: G.P.SOUZA | BF12: 0 | BG12: 0 | BH12: 0 | BI12: 0 | BJ12: 0 | BK12: 0 | BL12: 0 | BM12: 0 | BN12: 0 | BO12: =SUM(BH12:BJ12) -> 0 | BP12: =SUM(BL12:BN12) -> 0 | BV12: ITÁ
A13: #NULL! | B13: -30.01421 | C13: #NULL! | D13: #NULL! | E13: 422.36632 | F13: 24.913605 | G13: 24.834507 | H13: -85.82798 | I13: -17.614744 | J13: -47.255659 | K13: -89.770598 | L13: 475.06405 | M13: 37.31307 | N13: 40.333839 | O13: 0.17668511 | P13: 0.19471999 | Q13: 0.17061859 | R13: 0.17489328 | S13: 0.17109108 | T13: 0.17024751 | U13: 74.777363 | V13: 114.72132 | W13: 78.031249 | X13: 76.021702 | Y13: 86.569075 | Z13: 86.428434 | AA13: 0.2916876 | AB13: 0.27146501 | AC13: 0.2557482 | AD13: 0.25515361 | AE13: 0.25459237 | AF13: 0.25285282 | AG13: 0.01 | AH13: 0.0006 | AI13: 0.001 | AJ13: 0.001 | AK13: 0.3821 | AL13: 0.6438 | AM13: 0.2727196 | AN13: 0.26365473 | AO13: 0.52493533 | AP13: 0.24235181 | AQ13: 0.26534369 | AR13: 0.24550109 | AS13: 0.43523046 | AT13: 0.38953371 | AU13: 0.6889044 | AV13: 0.35429247 | AW13: 0.40253183 | AX13: 0.38033599 | AY13: 43.096741 | AZ13: 51.819816 | BA13: 154.92088 | BB13: 54.625484 | BC13: 53.261946 | BD13: 50.233195 | BE13: GARIBALDI | BF13: 0 | BG13: 0 | BH13: 0 | BI13: 1 | BJ13: 0 | BK13: 0 | BL13: 0 | BM13: 0 | BN13: 1 | BO13: =SUM(BH13:BJ13) -> 1 | BP13: =SUM(BL13:BN13) -> 1 | BV13: PASSO.SAO.JOAO
A14: #NULL! | B14: -119.6925 | C14: #NULL! | D14: #NULL! | E14: 345.60276 | F14: -57.446546 | G14: -58.944266 | H14: -130.10411 | I14: -104.19317 | J14: -101.76701 | K14: -147.59501 | L14: 401.40036 | M14: -45.047081 | N14: -40.345068 | O14: 0.14618787 | P14: 0.17412262 | Q14: 0.13622566 | R14: 0.14654796 | S14: 0.14007278 | T14: 0.1391606 | U14: 57.268033 | V14: 80.623207 | W14: 59.665434 | X14: 65.848713 | Y14: 63.832404 | Z14: 63.383399 | AA14: 0.23013973 | AB14: 0.27338493 | AC14: 0.19530762 | AD14: 0.20068428 | AE14: 0.19806419 | AF14: 0.19425447 | AG14: 0.1618 | AH14: 0.2996 | AI14: 0.2159 | AJ14: 0.0155 | AK14: 0.8708 | AL14: 0.9675 | AM14: 0.1581013 | AN14: 0.22712093 | AO14: 0.48638968 | AP14: 0.16517898 | AQ14: 0.15766328 | AR14: 0.14262618 | AS14: 0.23146262 | AT14: 0.30921835 | AU14: 0.54395785 | AV14: 0.24917925 | AW14: 0.21568883 | AX14: 0.21394242 | AY14: 144.52331 | AZ14: 200.95051 | BA14: 781.3294 | BB14: 110.61871 | BC14: 177.39326 | BD14: 159.39062 | BE14: GOV.JAYME.CANET.JR | BF14: 0 | BG14: 0 | BH14: 0 | BI14: 1 | BJ14: 0 | BK14: 1 | BL14: 0 | BM14: 0 | BN14: 0 | BO14: =SUM(BH14:BJ14) -> 1 | BP14: =SUM(BL14:BN14) -> 0 | BV14: SALTO.CAXIAS
A15: 219.58786 | B15: 251.59761 | D15: 262.11822 | E15: 740.02115 | F15: 342.10096 | G15: 344.09885 | H15: 235.08719 | I15: 267.09694 | K15: 280.71742 | L15: 792.71888 | M15: 354.50042 | N15: 359.59818 | O15: 0.41214412 | P15: 0.53242751 | Q15: 0.53026993 | R15: 0.46864561 | S15: 0.43743904 | T15: 0.43727726 | U15: 42.093856 | V15: 57.421379 | W15: 56.703502 | X15: 50.86069 | Y15: 54.943855 | Z15: 54.926739 | AA15: 0.65525045 | AB15: 1.044953 | AC15: 0.81434053 | AD15: 0.67204517 | AE15: 0.66951182 | AF15: 0.66950797 | AG15: 0.1765 | AH15: 0.2609 | AI15: 0 | AJ15: 0.0037 | AK15: 0.4942 | AL15: 0.4952 | AM15: 1.287886 | AN15: 2.9749139 | AO15: #NUM! | AP15: 1.7133772 | AQ15: 1.3084799 | AR15: 1.3064758 | AS15: 1.8765824 | AT15: 5.0940741 | AU15: #NUM! | AV15: 2.1561633 | AW15: 1.8131356 | AX15: 1.8159919 | AY15: 42.18154 | AZ15: 92.130598 | BA15: #NUM! | BB15: 74.641742 | BC15: 45.102354 | BD15: 44.699075 | BE15: ITÁ | BF15: 1 | BG15: 1 | BH15: 1 | BI15: 1 | BJ15: 1 | BK15: 1 | BL15: 1 | BM15: 0 | BN15: 1 | BO15: =SUM(BH15:BJ15) -> 3 | BP15: =SUM(BL15:BN15) -> 2
A16: -235.25508 | B16: -218.01645 | C16: #NULL! | D16: -238.4531 | E16: 236.65976 | F16: -169.44406 | G16: -167.48899 | H16: -219.75575 | I16: -205.61698 | J16: -153.5107 | K16: -222.95377 | L16: 292.45735 | M16: -157.0446 | N16: -151.98966 | O16: 0.24338382 | P16: 0.096731639 | Q16: 0.11552424 | R16: 0.10220557 | S16: 0.09392325 | T16: 0.094101007 | U16: 57.766484 | V16: 35.826979 | W16: 34.818127 | X16: 37.278347 | Y16: 36.244112 | Z16: 36.386896 | AA16: 0.95510952 | AB16: 0.15111386 | AC16: 0.17305253 | AD16: 0.14396779 | AE16: 0.14068549 | AF16: 0.14066613 | AG16: 0.2197 | AH16: 0.0043 | AI16: 0.0015 | AJ16: 0.0185 | AK16: 0.5087 | AL16: 0.4963 | AM16: #NUM! | AN16: 14.970359 | AO16: 3.4600829 | AP16: 0.49331714 | AQ16: 0.38921011 | AR16: 0.3903377 | AS16: #NUM! | AT16: 48.590093 | AU16: 7.0900985 | AV16: 0.62854063 | AW16: 0.56944558 | AX16: 0.56926746 | AY16: #NUM! | AZ16: 1703.6118 | BA16: 538.09952 | BB16: 69.025791 | BC16: 40.745036 | BD16: 41.064565 | BE16: ITAUBA | BF16: 0 | BG16: 0 | BH16: 0 | BI16: 0 | BJ16: 0 | BK16: 1 | BL16: 0 | BM16: 0 | BN16: 0 | BO16: =SUM(BH16:BJ16) -> 0 | BP16: =SUM(BL16:BN16) -> 0 | BV16: SAO.JOSE
A17: #NULL! | B17: -294.78905 | C17: -263.99297 | D17: -267.02834 | E17: 151.74546 | F17: -264.26221 | G17: -262.28097 | H17: -282.11527 | I17: -282.38959 | J17: -248.49364 | K17: -245.32928 | L17: 207.54306 | M17: -251.86275 | N17: -246.78163 | O17: 0.070161284 | P17: 0.071480247 | Q17: 0.095599721 | R17: 0.079984495 | S17: 0.071199172 | T17: 0.071222166 | U17: 39.254841 | V17: 40.780435 | W17: 55.734501 | X17: 44.377452 | Y17: 39.888987 | Z17: 39.981208 | AA17: 0.1047199 | AB17: 0.10478996 | AC17: 0.13184641 | AD17: 0.11113043 | AE17: 0.10536852 | AF17: 0.10536274 | AG17: 0.0002 | AH17: 0.0007 | AI17: 0 | AJ17: 0.0001 | AK17: 0.4502 | AL17: 0.4358 | AM17: 2.9895445 | AN17: 14.57222 | AO17: #NUM! | AP17: 0.32130487 | AQ17: 0.25881135 | AR17: 0.26042728 | AS17: 9.5238741 | AT17: 48.289987 | AU17: #NUM! | AV17: 0.41198543 | AW17: 0.39383909 | AX17: 0.39394505 | AY17: 457.50765 | AZ17: 2285.1091 | BA17: #NUM! | BB17: 58.010833 | BC17: 34.993805 | BD17: 35.453513 | BE17: JACUI | BF17: 0 | BG17: 0 | BH17: 1 | BI17: 1 | BJ17: 1 | BK17: 0 | BL17: 0 | BM17: 0 | BN17: 0 | BO17: =SUM(BH17:BJ17) -> 3 | BP17: =SUM(BL17:BN17) -> 0 | BV17: SEGREDO
A18: #NULL! | B18: #NULL! | C18: -406.8923 | D18: -392.95224 | E18: 76.029687 | F18: -316.31487 | G18: -317.34655 | H18: -373.54245 | I18: -336.96509 | J18: -391.39297 | K18: -377.4529 | L18: 131.82728 | M18: -303.9154 | N18: -301.84722 | O18: 0.085139293 | P18: 0.067284625 | Q18: 0.075886614 | R18: 0.060915411 | S18: 0.056454733 | T18: 0.057743583 | U18: 76.170602 | V18: 99.299312 | W18: 113.05202 | X18: 72.064676 | Y18: 75.472151 | Z18: 76.086822 | AA18: 0.35685398 | AB18: 0.11522037 | AC18: 0.10560868 | AD18: 0.088222655 | AE18: 0.089986996 | AF18: 0.089099855 | AG18: 0.0698 | AH18: 0.0001 | AI18: 0 | AJ18: 0.1519 | AK18: 0.9341 | AL18: 0.9902 | AM18: 0.075560779 | AN18: 0.064382954 | AO18: 0.43003084 | AP18: 0.11932044 | AQ18: 0.072027832 | AR18: 0.064633636 | AS18: 0.13479386 | AT18: 0.11626713 | AU18: 0.4413256 | AV18: 0.15460419 | AW18: 0.12251542 | AX18: 0.11464704 | AY18: 27.283964 | AZ18: 26.31444 | BA18: 330.41184 | BB18: 69.213077 | BC18: 30.192716 | BD18: 25.862073 | BE18: JORDÃO | BF18: 0 | BG18: 0 | BH18: 0 | BI18: 0 | BJ18: 0 | BK18: 1 | BL18: 0 | BM18: 0 | BN18: 0 | BO18: =SUM(BH18:BJ18) -> 0 | BP18: =SUM(BL18:BN18) -> 0
A19: #NULL! | B19: 143.08844 | C19: #NULL! | D19: #NULL! | E19: 625.48852 | F19: 228.05946 | G19: 229.88039 | H19: 134.8236 | I19: 158.58778 | J19: 210.73324 | K19: 120.0622 | L19: 678.18625 | M19: 240.45892 | N19: 245.37972 | O19: 0.29240517 | P19: 0.35831273 | Q19: 0.28668087 | R19: 0.32717791 | S19: 0.31140175 | T19: 0.31125657 | U19: 45.853611 | V19: 58.592846 | W19: 44.165264 | X19: 51.390326 | Y19: 57.788306 | Z19: 57.728583 | AA19: 0.47465438 | AB19: 0.63820735 | AC19: 0.46047554 | AD19: 0.47396844 | AE19: 0.47286649 | AF19: 0.47259196 | AG19: 0.0094 | AH19: 0.0336 | AI19: 0.1627 | AJ19: 0.0022 | AK19: 0.6377 | AL19: 0.6484 | AM19: 1.0819943 | AN19: 4.0083808 | AO19: 1.6040626 | AP19: 1.1414969 | AQ19: 0.91497576 | AR19: 0.90726095 | AS19: 1.4995053 | AT19: 9.0056414 | AU19: 2.2417859 | AV19: 1.4139009 | AW19: 1.206254 | AX19: 1.2022797 | AY19: 55.14106 | AZ19: 152.9265 | BA19: 98.275533 | BB19: 68.12153 | BC19: 45.664754 | BD19: 44.794427 | BE19: MACHADINHO | BF19: 0 | BG19: 0 | BH19: 0 | BI19: 0 | BJ19: 0 | BK19: 0 | BL19: 0 | BM19: 0 | BN19: 0 | BO19: =SUM(BH19:BJ19) -> 0 | BP19: =SUM(BL19:BN19) -> 0
A20: -531.4869 | B20: -521.17525 | C20: -540.4791 | D20: #NULL! | E20: -87.647227 | F20: -487.4639 | G20: -485.60871 | H20: -512.88771 | I20: -505.67591 | J20: -521.8799 | K20: -564.95509 | L20: -34.949498 | M20: -475.06443 | N20: -470.10938 | O20: 0.039190124 | P20: 0.039722845 | Q20: 0.030680465 | R20: 0.036296297 | S20: 0.031327847 | T20: 0.031434971 | U20: 77.226329 | V20: 100.92451 | W20: 51.153765 | X20: 87.453308 | Y20: 94.408384 | Z20: 94.110305 | AA20: 0.081292626 | AB20: 0.082726907 | AC20: 0.053159107 | AD20: 0.053890078 | AE20: 0.053380441 | AF20: 0.05335521 | AG20: 0.1112 | AH20: 0.0076 | AI20: 0.4794 | AJ20: 0 | AK20: 0.0493 | AL20: 0.0396 | AM20: 0.16815111 | AN20: 0.18275597 | AO20: 0.27743167 | AP20: 0.17615972 | AQ20: 0.15163726 | AR20: 0.15248474 | AS20: 0.25815654 | AT20: 0.30345766 | AU20: 0.32049665 | AV20: 0.22692446 | AW20: 0.20328007 | AX20: 0.20369899 | AY20: 60.763175 | AZ20: 69.209552 | BA20: 171.36443 | BB20: 68.080584 | BC20: 49.697815 | BD20: 50.243645 | BE20: MONJOLINHO | BF20: 0 | BG20: 0 | BH20: 0 | BI20: 0 | BJ20: 0 | BK20: 1 | BL20: 0 | BM20: 0 | BN20: 0 | BO20: =SUM(BH20:BJ20) -> 0 | BP20: =SUM(BL20:BN20) -> 0
A21: -155.15521 | B21: -124.34764 | C21: #NULL! | D21: -141.17893 | E21: 373.85209 | F21: -1.633453 | G21: -5.8170933 | H21: -136.55601 | I21: -108.84831 | J21: -91.036102 | K21: -122.57973 | L21: 426.54982 | M21: 10.766013 | N21: 12.782105 | O21: 0.15142029 | P21: 0.16750125 | Q21: 0.16654996 | R21: 0.15099546 | S21: 0.1661889 | T21: 0.15903422 | U21: 84.704419 | V21: 116.94021 | W21: 105.0177 | X21: 97.276517 | Y21: 117.09081 | Z21: 112.54153 | AA21: 0.22888516 | AB21: 0.23400332 | AC21: 0.24641284 | AD21: 0.22007238 | AE21: 0.23487318 | AF21: 0.22552975 | AG21: 0.1257 | AH21: 0.0996 | AI21: 0.0081 | AJ21: 0.2685 | AK21: 0.4511 | AL21: 0.9621 | AM21: 0.76762699 | AN21: 20.411741 | AO21: 0.56845641 | AP21: 0.64685551 | AQ21: 0.50294041 | AR21: 0.44873671 | AS21: 1.295217 | AT21: 68.554735 | AU21: 0.80820784 | AV21: 0.8696237 | AW21: 0.81224905 | AX21: 0.79082166 | AY21: 71.936715 | AZ21: 1848.5892 | BA21: 109.64556 | BB21: 116.88511 | BC21: 63.086378 | BD21: 53.103057 | BE21: MONTE.CLARO | BF21: 1 | BG21: 1 | BH21: 0 | BI21: 1 | BJ21: 0 | BK21: 1 | BL21: 0 | BM21: 0 | BN21: 0 | BO21: =SUM(BH21:BJ21) -> 1 | BP21: =SUM(BL21:BN21) -> 0
A22: -668.13945 | B22: -642.9983 | C22: #NULL! | D22: -620.47385 | E22: -175.38239 | F22: -572.03052 | G22: -575.07362 | H22: -649.54025 | I22: -627.49897 | J22: -610.92557 | K22: -604.97452 | L22: -122.68466 | M22: -559.63106 | N22: -556.47443 | O22: 0.029087407 | P22: 0.031926686 | Q22: 0.038201237 | R22: 0.029807065 | S22: 0.029319169 | T22: 0.027596443 | U22: 67.431413 | V22: 92.558111 | W22: 110.02202 | X22: 84.548741 | Y22: 89.011857 | Z22: 82.000221 | AA22: 0.043555634 | AB22: 0.045729295 | AC22: 0.054780115 | AD22: 0.041242163 | AE22: 0.041247021 | AF22: 0.039243479 | AG22: 0.0527 | AH22: 0.0075 | AI22: 0 | AJ22: 0 | AK22: 0.4084 | AL22: 0.2688 | AM22: 0.088191807 | AN22: 0.094443993 | AO22: 0.36850878 | AP22: 0.11100904 | AQ22: 0.083229774 | AR22: 0.08513256 | AS22: 0.12623062 | AT22: 0.13092195 | AU22: 0.38773004 | AV22: 0.13740264 | AW22: 0.11361368 | AX22: 0.11558915 | AY22: 45.368206 | AZ22: 51.20698 | BA22: 368.46312 | BB22: 74.329465 | BC22: 42.714225 | BD22: 44.246668 | BE22: PASSO.FUNDO | BF22: 1 | BG22: 1 | BH22: 0 | BI22: 1 | BJ22: 0 | BK22: 1 | BL22: 0 | BM22: 0 | BN22: 0 | BO22: =SUM(BH22:BJ22) -> 1 | BP22: =SUM(BL22:BN22) -> 0
A23: -267.17409 | B23: -245.68275 | C23: #NULL! | D23: -280.69459 | E23: 223.72093 | F23: -177.53561 | G23: -177.17227 | H23: -248.57489 | I23: -230.18342 | J23: -202.36065 | K23: -262.09539 | L23: 276.41866 | M23: -165.13614 | N23: -158.57308 | O23: 0.23479165 | P23: 0.1135065 | Q23: 0.11686121 | R23: 0.10379601 | S23: 0.10054126 | T23: 0.098277706 | U23: 89.907223 | V23: 69.682431 | W23: 69.9585 | X23: 71.170687 | Y23: 70.430022 | Z23: 67.928475 | AA23: 1.5428099 | AB23: 0.19674281 | AC23: 0.17672513 | AD23: 0.13924563 | AE23: 0.13731096 | AF23: 0.13362826 | AG23: 0.5946 | AH23: 0.0319 | AI23: 0 | AJ23: 0 | AK23: 0.6456 | AL23: 0.6174 | AM23: 0.58467513 | AN23: 0.74602279 | AO23: 1.1637625 | AP23: 0.42484738 | AQ23: 0.32665825 | AR23: 0.33139878 | AS23: 1.0553706 | AT23: 1.4227641 | AU23: 1.722935 | AV23: 0.51388564 | AW23: 0.45282135 | AX23: 0.45293353 | AY23: 84.776943 | AZ23: 114.68478 | BA23: 227.61033 | BB23: 83.333181 | BC23: 48.306026 | BD23: 49.611433 | BE23: PASSO.REAL | BF23: 0 | BG23: 1 | BH23: 0 | BI23: 0 | BJ23: 0 | BK23: 1 | BL23: 0 | BM23: 0 | BN23: 0 | BO23: =SUM(BH23:BJ23) -> 0 | BP23: =SUM(BL23:BN23) -> 0
A24: #NULL! | B24: -122.87366 | C24: -138.59274 | D24: #NULL! | E24: 327.38229 | F24: -83.253066 | G24: -81.284298 | H24: -159.38869 | I24: -107.37433 | J24: -123.09341 | K24: -169.5865 | L24: 380.08002 | M24: -70.8536 | N24: -65.784966 | O24: 0.15519487 | P24: 0.16646728 | Q24: 0.12427266 | R24: 0.13939359 | S24: 0.12806836 | T24: 0.12802002 | U24: 74.280644 | V24: 112.66228 | W24: 76.906864 | X24: 103.40683 | Y24: 96.705857 | Z24: 96.725634 | AA24: 0.27783751 | AB24: 0.31815715 | AC24: 0.20103748 | AD24: 0.19100131 | AE24: 0.18305664 | AF24: 0.18303749 | AG24: 0.9424 | AH24: 0.1105 | AI24: 0 | AJ24: 0 | AK24: 0.0836 | AL24: 0.082 | AM24: 0.3011347 | AN24: 0.3808409 | AO24: 0.31712522 | AP24: 0.42173452 | AQ24: 0.32825101 | AR24: 0.32726555 | AS24: 0.40175746 | AT24: 0.4707341 | AU24: 0.36706771 | AV24: 0.48770236 | AW24: 0.42443263 | AX24: 0.42376846 | AY24: 40.769575 | AZ24: 57.237443 | BA24: 65.394509 | BB24: 76.960782 | BC24: 47.202744 | BD24: 47.132659 | BE24: PASSO.SAO.JOAO | BF24: 0 | BG24: 0 | BH24: 0 | BI24: 1 | BJ24: 0 | BK24: 1 | BL24: 1 | BM24: 0 | BN24: 1 | BO24: =SUM(BH24:BJ24) -> 1 | BP24: =SUM(BL24:BN24) -> 2
A25: #NULL! | B25: -527.64035 | C25: #NULL! | D25: #NULL! | E25: -86.384264 | F25: -486.62694 | G25: -485.91028 | H25: -531.09288 | I25: -512.14102 | J25: -520.65271 | K25: -538.46508 | L25: -30.586668 | M25: -474.22747 | N25: -470.41094 | O25: 0.04063767 | P25: 0.045345464 | Q25: 0.037770853 | R25: 0.041677875 | S25: 0.040398236 | T25: 0.040766962 | U25: 71.256402 | V25: 94.290876 | W25: 59.636897 | X25: 76.474541 | Y25: 78.778697 | Z25: 78.914183 | AA25: 0.057484627 | AB25: 0.059980804 | AC25: 0.053651679 | AD25: 0.053769119 | AE25: 0.053532336 | AF25: 0.05330301 | AG25: 0.242 | AH25: 0.1129 | AI25: 0.3295 | AJ25: 0.0122 | AK25: 0.8731 | AL25: 0.9211 | AM25: 0.065937269 | AN25: 0.060990832 | AO25: 0.099311912 | AP25: 0.08317915 | AQ25: 0.080746334 | AR25: 0.077661797 | AS25: 0.10277178 | AT25: 0.093838218 | AU25: 0.11698943 | AV25: 0.12182413 | AW25: 0.11613384 | AX25: 0.11273846 | AY25: 40.428484 | AZ25: 42.245353 | BA25: 98.031764 | BB25: 56.487332 | BC25: 47.434705 | BD25: 44.267069 | BE25: QUEBRA.QUEIXO | BF25: 0 | BG25: 0 | BH25: 0 | BI25: 0 | BJ25: 0 | BK25: 1 | BL25: 0 | BM25: 0 | BN25: 1 | BO25: =SUM(BH25:BJ25) -> 0 | BP25: =SUM(BL25:BN25) -> 1
A26: 295.5865 | B26: 338.00179 | D26: 360.16068 | E26: 766.94325 | F26: 370.08924 | G26: 365.80663 | H26: 311.08583 | I26: 350.40126 | K26: 378.75988 | L26: 819.64098 | M26: 382.4887 | N26: 381.30596 | O26: 0.47094171 | P26: 0.5435695 | Q26: 0.54244477 | R26: 0.46594664 | S26: 0.45220742 | T26: 0.45682343 | U26: 30.592743 | V26: 39.932445 | W26: 35.639495 | X26: 32.712117 | Y26: 36.616438 | Z26: 36.656445 | AA26: 0.78640936 | AB26: 0.84031635 | AC26: 0.85528159 | AD26: 0.7295334 | AE26: 0.72912138 | AF26: 0.71418419 | AG26: 0.1165 | AH26: 0.1721 | AI26: 0 | AJ26: 0.1219 | AK26: 0.1638 | AL26: 0.7812 | AM26: 0.78348837 | AN26: 1.4896521 | AO26: 115.27133 | AP26: 1.4257485 | AQ26: 0.85536349 | AR26: 0.78976665 | AS26: 1.6017842 | AT26: 2.0518263 | AU26: 389.13448 | AV26: 1.9774581 | AW26: 1.5829541 | AX26: 1.4313144 | AY26: 22.976402 | AZ26: 66.456771 | BA26: 2195.2824 | BB26: 57.997344 | BC26: 26.813743 | BD26: 23.882051 | BE26: SALTO.CAXIAS | BF26: 1 | BG26: 1 | BH26: 0 | BI26: 1 | BJ26: 0 | BK26: 1 | BL26: 1 | BM26: 0 | BN26: 1 | BO26: =SUM(BH26:BJ26) -> 1 | BP26: =SUM(BL26:BN26) -> 2
A27: #NULL! | B27: 249.35616 | D27: 242.82667 | E27: 679.88392 | F27: 284.57843 | G27: 283.34774 | H27: 240.0564 | I27: 261.75562 | K27: 258.326 | L27: 732.58165 | M27: 296.9779 | N27: 298.84707 | O27: 0.37910996 | P27: 0.39150914 | Q27: 0.40064186 | R27: 0.35480031 | S27: 0.34454551 | T27: 0.34533154 | U27: 39.162792 | V27: 44.713106 | W27: 44.157303 | X27: 37.605112 | Y27: 43.326236 | Z27: 44.073238 | AA27: 0.74929351 | AB27: 0.60042434 | AC27: 0.64621146 | AD27: 0.55946465 | AE27: 0.56177413 | AF27: 0.55583384 | AG27: 0 | AH27: 0.0622 | AI27: 0 | AJ27: 0.068 | AK27: 0.142 | AL27: 0.3889 | AM27: 0.58512034 | AN27: 1.056916 | AO27: 5.8059755 | AP27: 1.0525293 | AQ27: 0.63876214 | AR27: 0.58946123 | AS27: 1.2776263 | AT27: 1.4879717 | AU27: 16.742781 | AV27: 1.5346334 | AW27: 1.2888512 | AX27: 1.2088755 | AY27: 22.808843 | AZ27: 65.875937 | BA27: 176.38499 | BB27: 54.126333 | BC27: 25.420512 | BD27: 21.825403 | BE27: SALTO.OSORIO | BF27: 0 | BG27: 1 | BH27: 0 | BI27: 0 | BJ27: 0 | BK27: 0 | BL27: 1 | BM27: 0 | BN27: 0 | BO27: =SUM(BH27:BJ27) -> 0 | BP27: =SUM(BL27:BN27) -> 1
A28: #NULL! | B28: #NULL! | C28: #NULL! | D28: #NULL! | E28: 45.994875 | F28: -347.57671 | G28: -345.90083 | H28: -424.40991 | I28: -404.60661 | J28: -405.20324 | K28: -436.4147 | L28: 98.692604 | M28: -335.17724 | N28: -330.40149 | O28: 0.059048079 | P28: 0.065459448 | Q28: 0.055881019 | R28: 0.057207881 | S28: 0.05810446 | T28: 0.058196182 | U28: 74.423981 | V28: 97.452319 | W28: 69.552365 | X28: 73.807723 | Y28: 85.840266 | Z28: 85.789878 | AA28: 0.085775671 | AB28: 0.094524554 | AC28: 0.080988695 | AD28: 0.080995355 | AE28: 0.081800744 | AF28: 0.081713928 | AG28: 0.0024 | AH28: 0.0014 | AI28: 0.0352 | AJ28: 0.0039 | AK28: 0.1236 | AL28: 0.1382 | AM28: 0.20020759 | AN28: 0.47984076 | AO28: 0.17995307 | AP28: 0.16280215 | AQ28: 0.15327696 | AR28: 0.15409244 | AS28: 0.27690439 | AT28: 1.1092261 | AU28: 0.20379659 | AV28: 0.22711529 | AW28: 0.21084453 | AX28: 0.21101837 | AY28: 82.957947 | AZ28: 148.0908 | BA28: 126.15914 | BB28: 67.396332 | BC28: 63.187199 | BD28: 62.943687 | BE28: SALTO.PILAO | BF28: 0 | BG28: 0 | BH28: 0 | BI28: 0 | BJ28: 0 | BK28: 0 | BL28: 0 | BM28: 0 | BN28: 0 | BO28: =SUM(BH28:BJ28) -> 0 | BP28: =SUM(BL28:BN28) -> 0
A29: 221.6828 | B29: 252.76791 | D29: #NULL! | E29: 677.79065 | F29: 284.32119 | G29: 282.86194 | H29: 237.18213 | I29: 268.26724 | K29: 262.68301 | L29: 730.48837 | M29: 296.72066 | N29: 298.36127 | O29: 0.37278779 | P29: 0.42147038 | Q29: 0.35870897 | R29: 0.38010169 | S29: 0.37069091 | T29: 0.37283545 | U29: 38.17325 | V29: 48.132947 | W29: 31.45338 | X29: 37.858188 | Y29: 43.585129 | Z29: 43.510508 | AA29: 0.58106482 | AB29: 0.60054245 | AC29: 0.58018632 | AD29: 0.55590556 | AE29: 0.5613947 | AF29: 0.55506424 | AG29: 0.1765 | AH29: 0.2449 | AI29: 0.3541 | AJ29: 0.063 | AK29: 0.3373 | AL29: 0.7196 | AM29: 0.66458948 | AN29: 1.4814602 | AO29: 1.0751564 | AP29: 1.0447418 | AQ29: 0.6867234 | AR29: 0.65525718 | AS29: 1.284047 | AT29: 1.8522698 | AU29: 1.559472 | AV29: 1.5190367 | AW29: 1.2570467 | AX29: 1.1915631 | AY29: 26.358029 | AZ29: 102.39158 | BA29: 69.694134 | BB29: 60.151284 | BC29: 31.259697 | BD29: 29.433726 | BE29: SALTO.SANTIAGO | BF29: 1 | BG29: 1 | BH29: 0 | BI29: 0 | BJ29: 0 | BK29: 1 | BL29: 0 | BM29: 0 | BN29: 1 | BO29: =SUM(BH29:BJ29) -> 0 | BP29: =SUM(BL29:BN29) -> 1
A30: #NULL! | B30: #NULL! | C30: -458.18481 | D30: #NULL! | E30: 29.014787 | F30: -358.1972 | G30: -361.90996 | H30: -424.13074 | I30: -382.53538 | J30: -442.68547 | K30: -447.59113 | L30: 84.812383 | M30: -345.79773 | N30: -346.41063 | O30: 0.058384373 | P30: 0.061027258 | Q30: 0.052191846 | R30: 0.054697789 | S30: 0.053075834 | T30: 0.054101665 | U30: 68.096669 | V30: 98.956956 | W30: 61.783823 | X30: 74.525669 | Y30: 77.357456 | Z30: 77.042544 | AA30: 0.11200905 | AB30: 0.093025877 | AC30: 0.07922704 | AD30: 0.076441496 | AE30: 0.079206815 | AF30: 0.077739109 | AG30: 0.0596 | AH30: 0.004 | AI30: 0.6794 | AJ30: 0.2123 | AK30: 0.8317 | AL30: 0.9696 | AM30: 0.041882355 | AN30: 0.063221431 | AO30: 0.39854047 | AP30: 0.11756988 | AQ30: 0.070869811 | AR30: 0.063140666 | AS30: 0.099411968 | AT30: 0.10497378 | AU30: 0.41825797 | AV30: 0.14880585 | AW30: 0.11138405 | AX30: 0.10420508 | AY30: 24.203894 | AZ30: 43.412857 | BA30: 440.50815 | BB30: 100.02754 | BC30: 46.597139 | BD30: 39.969879 | BE30: SANTA.CLARA.PR | BF30: 0 | BG30: 0 | BH30: 0 | BI30: 0 | BJ30: 0 | BK30: 1 | BL30: 1 | BM30: 1 | BN30: 1 | BO30: =SUM(BH30:BJ30) -> 0 | BP30: =SUM(BL30:BN30) -> 3
A31: -180.34296 | B31: -130.60444 | C31: -148.98546 | D31: -172.7184 | E31: 316.34227 | F31: -89.220242 | G31: -87.272119 | H31: -161.74376 | I31: -115.1051 | J31: -133.48613 | K31: -157.21906 | L31: 369.04 | M31: -76.820777 | N31: -71.772787 | O31: 0.14609057 | P31: 0.16298263 | Q31: 0.16893816 | R31: 0.13552064 | S31: 0.13018966 | T31: 0.13011872 | U31: 64.571111 | V31: 107.90057 | W31: 125.32683 | X31: 88.290411 | Y31: 93.272397 | Z31: 93.270001 | AA31: 0.25083412 | AB31: 0.30367927 | AC31: 0.21870333 | AD31: 0.18467946 | AE31: 0.17976515 | AF31: 0.17973401 | AG31: 0.943 | AH31: 0.051 | AI31: 0 | AJ31: 0 | AK31: 0.11 | AL31: 0.1091 | AM31: 0.32846807 | AN31: 0.40763505 | AO31: 0.68150465 | AP31: 0.45096704 | AQ31: 0.33363156 | AR31: 0.33249492 | AS31: 0.43045825 | AT31: 0.51308022 | AU31: 0.92767842 | AV31: 0.53459862 | AW31: 0.43571174 | AX31: 0.43484493 | AY31: 47.745483 | AZ31: 64.064237 | BA31: 175.37377 | BB31: 80.337696 | BC31: 49.128746 | BD31: 49.081117 | BE31: SAO.JOSE | BF31: 1 | BG31: 1 | BH31: 0 | BI31: 1 | BJ31: 0 | BK31: 1 | BL31: 1 | BM31: 1 | BN31: 1 | BO31: =SUM(BH31:BJ31) -> 1 | BP31: =SUM(BL31:BN31) -> 3
A32: #NULL! | B32: #NULL! | C32: #NULL! | D32: #NULL! | E32: 494.36308 | F32: 78.869879 | G32: 80.812971 | H32: -11.226789 | I32: 39.936405 | J32: 1.4977499 | K32: -20.951166 | L32: 550.16067 | M32: 91.269344 | N32: 96.312303 | O32: 0.20503347 | P32: 0.23545506 | Q32: 0.19857561 | R32: 0.23388407 | S32: 0.21442681 | T32: 0.21349488 | U32: 69.972994 | V32: 107.39298 | W32: 64.745799 | X32: 101.11852 | Y32: 85.668875 | Z32: 84.698922 | AA32: 0.31248164 | AB32: 0.29709054 | AC32: 0.31008385 | AD32: 0.31585096 | AE32: 0.30017071 | AF32: 0.30011623 | AG32: 0 | AH32: 0 | AI32: 0.0001 | AJ32: 0 | AK32: 0.0073 | AL32: 0.0087 | AM32: 0.17294311 | AN32: 0.21383665 | AO32: 0.33818674 | AP32: 0.20630298 | AQ32: 0.19763887 | AR32: 0.19733414 | AS32: 0.23530287 | AT32: 0.23943664 | AU32: 0.36015744 | AV32: 0.24444157 | AW32: 0.25300926 | AX32: 0.25031532 | AY32: 54.446197 | AZ32: 86.255989 | BA32: 155.95148 | BB32: 77.477568 | BC32: 74.952376 | BD32: 74.914512 | BE32: SAO.ROQUE | BF32: 0 | BG32: 0 | BH32: 0 | BI32: 0 | BJ32: 0 | BK32: 0 | BL32: 1 | BM32: 1 | BN32: 1 | BO32: =SUM(BH32:BJ32) -> 0 | BP32: =SUM(BL32:BN32) -> 3
A33: 146.60813 | B33: 170.3172 | C33: #NULL! | D33: 166.31391 | E33: 569.13684 | F33: 175.37948 | G33: 174.57197 | H33: 162.10746 | I33: 182.71667 | J33: 200.08576 | K33: 188.01297 | L33: 621.83456 | M33: 187.77894 | N33: 190.0713 | O33: 0.29303074 | P33: 0.31149512 | Q33: 0.33733921 | R33: 0.28262604 | S33: 0.28012275 | T33: 0.27983372 | U33: 37.316019 | V33: 40.730971 | W33: 41.617275 | X33: 33.478181 | Y33: 38.904013 | Z33: 38.859044 | AA33: 0.41729315 | AB33: 0.43210216 | AC33: 0.48988779 | AD33: 0.39914981 | AE33: 0.40258925 | AF33: 0.39891483 | AG33: 0.3106 | AH33: 0.3268 | AI33: 0 | AJ33: 0.0044 | AK33: 0.0707 | AL33: 0.234 | AM33: 0.50630184 | AN33: 2.1756619 | AO33: 1.2888949 | AP33: 0.86572379 | AQ33: 0.54960179 | AR33: 0.53786011 | AS33: 1.0199489 | AT33: 3.4348755 | AU33: 1.6565755 | AV33: 1.2538039 | AW33: 1.0338744 | AX33: 0.99900904 | AY33: 26.547306 | AZ33: 141.02641 | BA33: 96.823423 | BB33: 57.602792 | BC33: 29.48183 | BD33: 28.421512 | BE33: SEGREDO | BF33: 1 | BG33: 1 | BH33: 0 | BI33: 0 | BJ33: 0 | BK33: 1 | BL33: 1 | BM33: 0 | BN33: 1 | BO33: =SUM(BH33:BJ33) -> 0 | BP33: =SUM(BL33:BN33) -> 2
A34: -146.47357 | B34: -115.90674 | C34: #NULL! | D34: -137.31277 | E34: 377.04111 | F34: 3.6085728 | G34: -0.46007909 | H34: -127.87437 | I34: -100.40741 | J34: -78.955223 | K34: -118.71357 | L34: 429.73884 | M34: 16.008039 | N34: 18.139119 | O34: 0.15620477 | P34: 0.17167779 | Q34: 0.1725971 | R34: 0.15688688 | S34: 0.17147541 | T34: 0.16529115 | U34: 89.063519 | V34: 123.35694 | W34: 114.01083 | X34: 113.5971 | Y34: 123.92118 | Z34: 120.64753 | AA34: 0.23149396 | AB34: 0.23557941 | AC34: 0.25083937 | AD34: 0.22222249 | AE34: 0.23863916 | AF34: 0.2297297 | AG34: 0.0738 | AH34: 0.0494 | AI34: 0.0062 | AJ34: 0.2911 | AK34: 0.3526 | AL34: 0.9182 | AM34: 0.77138267 | AN34: 41.906378 | AO34: 0.61795835 | AP34: 0.6662229 | AQ34: 0.5177073 | AR34: 0.46080546 | AS34: 1.2921354 | AT34: 142.51673 | AU34: 0.88039085 | AV34: 0.89053671 | AW34: 0.84281835 | AX34: 0.81911336 | AY34: 68.233318 | AZ34: 3592.377 | BA34: 109.88712 | BB34: 113.6878 | BC34: 59.350445 | BD34: 50.768181 | BE34: X14.DE.JULHO | BF34: 1 | BG34: 1 | BH34: 1 | BI34: 1 | BJ34: 0 | BK34: 1 | BL34: 0 | BM34: 0 | BN34: 0 | BO34: =SUM(BH34:BJ34) -> 2 | BP34: =SUM(BL34:BN34) -> 0

Sheet forecast
A1: MAE_BXII_out | B1: MAE_Ray_out | C1: MAE_BXIIARMA_out | D1: MAE_ETS_out | E1: MAE_ARMA_out | F1: MAE_SARMA_out | G1: ponto_MAE_OUT | H1: RMSE_BXII_out | I1: RMSE_Ray_out | J1: RMSE_BXIIARMA_out | K1: RMSE_ETS_out | L1: RMSE_ARMA_out | M1: RMSE_SARMA_out | N1: ponto_rmse_OUT | O1: MAPE_BXII_out | P1: MAPE_Ray_out | Q1: MAPE_BXIIARMA_out | R1: MAPE_ETS_out | S1: MAPE_ARMA_out | T1: MAPE_SARMA_out | U1: ponto_MApE_OUT | V1: SOMA FORECAST | W1: SOMA PREDICT | X1: ESCOLHA FORECAST | Y1: SERIES
A2: 0.18895405 | B2: 0.36497275 | C2: 0.52353475 | D2: 0.34959225 | E2: 0.19009076 | F2: 0.16457923 | G2: 0 | H2: 0.24313943 | I2: 0.42659531 | J2: 0.62710167 | K2: 0.43408656 | L2: 0.23211752 | M2: 0.22545804 | N2: 0 | O2: 15.252954 | P2: 30.685744 | Q2: 50.10275 | R2: 30.824126 | S2: 17.01426 | T2: 14.402461 | U2: 0 | V2: =SUM(U2,N2,G2) -> 0 | W2: =SUM(predict!BK31,predict!BJ31,predict!BI31,predict!BH31,predict!BG31,predict!BF31) -> 4 | Y2: BAIXO.IGUACU
A3: 0.44956739 | B3: 0.71355463 | C3: 0.34661596 | D3: 0.42896993 | E3: 0.39586427 | F3: 0.39609535 | G3: 0 | H3: 0.61747451 | I3: 1.4576243 | J3: 0.44042973 | K3: 0.57182584 | L3: 0.52537864 | M3: 0.52843192 | N3: 0 | O3: 56.565365 | P3: 103.59254 | Q3: 89.438001 | R3: 78.856542 | S3: 60.776083 | T3: 59.661182 | U3: 1 | V3: =SUM(U3,N3,G3) -> 1 | W3: =SUM(predict!BK3,predict!BJ3,predict!BI3,predict!BH3,predict!BG3,predict!BF3) -> 5 | Y3: BARRA.GRANDE
A4: 0.51025712 | B4: 1.8680124 | C4: 0.48594773 | D4: 0.54764482 | E4: 0.47879035 | F4: 0.47399095 | G4: 0 | H4: 0.68691072 | I4: 3.9139531 | J4: 0.7396539 | K4: 0.72824345 | L4: 0.66540744 | M4: 0.66249593 | N4: 0 | O4: 63.632537 | P4: 176.23309 | Q4: 44.216854 | R4: 69.03899 | S4: 53.482777 | T4: 51.976499 | U4: 0 | V4: =SUM(U4,N4,G4) -> 0 | W4: =SUM(predict!BK4,predict!BJ4,predict!BI4,predict!BH4,predict!BG4,predict!BF4) -> 4 | Y4: CAMPOS.NOVOS
A5: 0.0015104393 | B5: 0.0016724478 | C5: 0.0018726468 | D5: 0.0017988629 | E5: 0.0013999488 | F5: 0.0013848716 | G5: 0 | H5: 0.0023133364 | I5: 0.0023140019 | J5: 0.003279322 | K5: 0.0025067269 | L5: 0.002138204 | M5: 0.0021368329 | N5: 0 | O5: 106.05162 | P5: 100.43696 | Q5: 155.24701 | R5: 111.67801 | S5: 98.070083 | T5: 97.15685 | U5: 0 | V5: =SUM(U5,N5,G5) -> 0 | W5: =SUM(predict!BK32,predict!BJ32,predict!BI32,predict!BH32,predict!BG32,predict!BF32) -> 0 | Y5: CANASTRA
A6: 1.4158069 | B6: 59.9483 | C6: 0.37856758 | D6: 0.40156132 | E6: 0.32225596 | F6: 0.31210103 | G6: 0 | H6: 3.8584609 | I6: 206.28564 | J6: 0.48497376 | K6: 0.56380963 | L6: 0.53221996 | M6: 0.53204775 | N6: 0 | O6: 204.61978 | P6: 7782.5919 | Q6: 174.83261 | R6: 118.32501 | S6: 71.456299 | T6: 59.058581 | U6: 0 | V6: =SUM(U6,N6,G6) -> 0 | W6: =SUM(predict!BK5,predict!BJ5,predict!BI5,predict!BH5,predict!BG5,predict!BF5) -> 2 | Y6: CASTRO.ALVES
A7: #NUM! | B7: 1.8322956 | C7: 0.90935277 | D7: 0.59106466 | E7: 0.4711127 | F7: 0.47288669 | G7: 0 | H7: #NUM! | I7: 3.097046 | J7: 1.2611344 | K7: 0.75482824 | L7: 0.6935524 | M7: 0.69555753 | N7: 0 | O7: #NUM! | P7: 205.2358 | Q7: 137.85631 | R7: 74.29583 | S7: 44.415793 | T7: 44.494914 | U7: 0 | V7: =SUM(U7,N7,G7) -> 0 | W7: =SUM(predict!BK6,predict!BJ6,predict!BI6,predict!BH6,predict!BG6,predict!BF6) -> 1 | Y7: D.FRANCISCA
A8: 0.054187145 | B8: 0.059330649 | C8: 0.40583416 | D8: 0.049190607 | E8: 0.042924449 | F8: 0.042669299 | G8: 0 | H8: 0.073815247 | I8: 0.075296377 | J8: 0.4118723 | K8: 0.063999599 | L8: 0.059371895 | M8: 0.058540089 | N8: 0 | O8: 50.057265 | P8: 62.871077 | Q8: 608.44523 | R8: 56.723375 | S8: 40.855293 | T8: 40.985975 | U8: 0 | V8: =SUM(U8,N8,G8) -> 0 | W8: =SUM(predict!BK7,predict!BJ7,predict!BI7,predict!BH7,predict!BG7,predict!BF7) -> 2 | Y8: ERNESTINA
A9: 1.5916595 | B9: 3.9147931 | C9: 42.429285 | D9: 2.227176 | E9: 1.7091688 | F9: 1.7127935 | G9: 1 | H9: 2.5620098 | I9: 6.5988275 | J9: 118.41428 | K9: 2.8386514 | L9: 2.3875779 | M9: 2.3995826 | N9: 0 | O9: 34.809902 | P9: 103.68809 | Q9: 764.06222 | R9: 72.175516 | S9: 44.494726 | T9: 44.34531 | U9: 1 | V9: =SUM(U9,N9,G9) -> 2 | W9: =SUM(predict!BK8,predict!BJ8,predict!BI8,predict!BH8,predict!BG8,predict!BF8) -> 1 | X9: 1 | Y9: FOZ.CHAPECO
A10: 0.048891254 | B10: 0.060571644 | C10: 0.16546342 | D10: 0.10251626 | E10: 0.063330872 | F10: 0.059855705 | G10: 1 | H10: 0.096073917 | I10: 0.10258838 | J10: 0.16915857 | K10: 0.13353232 | L10: 0.10617577 | M10: 0.099896779 | N10: 1 | O10: 23.027501 | P10: 34.260932 | Q10: 159.59316 | R10: 73.166345 | S10: 34.137843 | T10: 31.879408 | U10: 1 | V10: =SUM(U10,N10,G10) -> 3 | W10: =SUM(predict!BK9,predict!BJ9,predict!BI9,predict!BH9,predict!BG9,predict!BF9) -> 6 | X10: 1 | Y10: FUNDÃO
A11: 0.47257251 | B11: 0.7148646 | C11: 0.80481353 | D11: 0.82701787 | E11: 0.57738035 | F11: 0.61226588 | G11: 1 | H11: 0.8704721 | I11: 1.1353192 | J11: 1.0584266 | K11: 1.0995004 | L11: 0.90952952 | M11: 0.96399102 | N11: 1 | O11: 35.48361 | P11: 58.273509 | Q11: 115.62301 | R11: 85.880039 | S11: 49.768697 | T11: 50.940238 | U11: 1 | V11: =SUM(U11,N11,G11) -> 3 | W11: =SUM(predict!BK10,predict!BJ10,predict!BI10,predict!BH10,predict!BG10,predict!BF10) -> 1 | X11: 1 | Y11: G.B.MUNHOZ
A12: 0.11173826 | B12: 0.026268601 | C12: 0.2036684 | D12: 0.009760392 | E12: 0.009356537 | F12: 0.0099484224 | G12: 0 | H12: 0.34974998 | I12: 0.061394558 | J12: 0.20428179 | K12: 0.014570067 | L12: 0.014758767 | M12: 0.014985304 | N12: 0 | O12: 272.29426 | P12: 71.673913 | Q12: 958.45968 | R12: 35.41945 | S12: 34.711261 | T12: 36.658616 | U12: 0 | V12: =SUM(U12,N12,G12) -> 0 | W12: =SUM(predict!BK11,predict!BJ11,predict!BI11,predict!BH11,predict!BG11,predict!BF11) -> 1 | Y12: G.P.SOUZA
A13: 0.2727196 | B13: 0.26365473 | C13: 0.52493533 | D13: 0.24235181 | E13: 0.26534369 | F13: 0.24550109 | G13: 0 | H13: 0.43523046 | I13: 0.38953371 | J13: 0.6889044 | K13: 0.35429247 | L13: 0.40253183 | M13: 0.38033599 | N13: 0 | O13: 43.096741 | P13: 51.819816 | Q13: 154.92088 | R13: 54.625484 | S13: 53.261946 | T13: 50.233195 | U13: 1 | V13: =SUM(U13,N13,G13) -> 1 | W13: =SUM(predict!BK12,predict!BJ12,predict!BI12,predict!BH12,predict!BG12,predict!BF12) -> 0 | Y13: GARIBALDI
A14: 0.1581013 | B14: 0.22712093 | C14: 0.48638968 | D14: 0.16517898 | E14: 0.15766328 | F14: 0.14262618 | G14: 0 | H14: 0.23146262 | I14: 0.30921835 | J14: 0.54395785 | K14: 0.24917925 | L14: 0.21568883 | M14: 0.21394242 | N14: 0 | O14: 144.52331 | P14: 200.95051 | Q14: 781.3294 | R14: 110.61871 | S14: 177.39326 | T14: 159.39062 | U14: 0 | V14: =SUM(U14,N14,G14) -> 0 | W14: =SUM(predict!BK33,predict!BJ33,predict!BI33,predict!BH33,predict!BG33,predict!BF33) -> 3 | Y14: GOV.JAYME.CANET.JR
A15: 1.287886 | B15: 2.9749139 | C15: #NUM! | D15: 1.7133772 | E15: 1.3084799 | F15: 1.3064758 | G15: 1 | H15: 1.8765824 | I15: 5.0940741 | J15: #NUM! | K15: 2.1561633 | L15: 1.8131356 | M15: 1.8159919 | N15: 0 | O15: 42.18154 | P15: 92.130598 | Q15: #NUM! | R15: 74.641742 | S15: 45.102354 | T15: 44.699075 | U15: 1 | V15: =SUM(U15,N15,G15) -> 2 | W15: =SUM(predict!BK13,predict!BJ13,predict!BI13,predict!BH13,predict!BG13,predict!BF13) -> 1 | X15: 1 | Y15: ITÁ
A16: #NUM! | B16: 14.970359 | C16: 3.4600829 | D16: 0.49331714 | E16: 0.38921011 | F16: 0.3903377 | G16: 0 | H16: #NUM! | I16: 48.590093 | J16: 7.0900985 | K16: 0.62854063 | L16: 0.56944558 | M16: 0.56926746 | N16: 0 | O16: #NUM! | P16: 1703.6118 | Q16: 538.09952 | R16: 69.025791 | S16: 40.745036 | T16: 41.064565 | U16: 0 | V16: =SUM(U16,N16,G16) -> 0 | W16: =SUM(predict!BK14,predict!BJ14,predict!BI14,predict!BH14,predict!BG14,predict!BF14) -> 2 | Y16: ITAUBA
A17: 2.9895445 | B17: 14.57222 | C17: #NUM! | D17: 0.32130487 | E17: 0.25881135 | F17: 0.26042728 | G17: 0 | H17: 9.5238741 | I17: 48.289987 | J17: #NUM! | K17: 0.41198543 | L17: 0.39383909 | M17: 0.39394505 | N17: 0 | O17: 457.50765 | P17: 2285.1091 | Q17: #NUM! | R17: 58.010833 | S17: 34.993805 | T17: 35.453513 | U17: 0 | V17: =SUM(U17,N17,G17) -> 0 | W17: =SUM(predict!BK15,predict!BJ15,predict!BI15,predict!BH15,predict!BG15,predict!BF15) -> 6 | Y17: JACUI
A18: 0.075560779 | B18: 0.064382954 | C18: 0.43003084 | D18: 0.11932044 | E18: 0.072027832 | F18: 0.064633636 | G18: 0 | H18: 0.13479386 | I18: 0.11626713 | J18: 0.4413256 | K18: 0.15460419 | L18: 0.12251542 | M18: 0.11464704 | N18: 0 | O18: 27.283964 | P18: 26.31444 | Q18: 330.41184 | R18: 69.213077 | S18: 30.192716 | T18: 25.862073 | U18: 0 | V18: =SUM(U18,N18,G18) -> 0 | W18: =SUM(predict!BK16,predict!BJ16,predict!BI16,predict!BH16,predict!BG16,predict!BF16) -> 1 | Y18: JORDÃO
A19: 1.0819943 | B19: 4.0083808 | C19: 1.6040626 | D19: 1.1414969 | E19: 0.91497576 | F19: 0.90726095 | G19: 0 | H19: 1.4995053 | I19: 9.0056414 | J19: 2.2417859 | K19: 1.4139009 | L19: 1.206254 | M19: 1.2022797 | N19: 0 | O19: 55.14106 | P19: 152.9265 | Q19: 98.275533 | R19: 68.12153 | S19: 45.664754 | T19: 44.794427 | U19: 0 | V19: =SUM(U19,N19,G19) -> 0 | W19: =SUM(predict!BK17,predict!BJ17,predict!BI17,predict!BH17,predict!BG17,predict!BF17) -> 3 | Y19: MACHADINHO
A20: 0.16815111 | B20: 0.18275597 | C20: 0.27743167 | D20: 0.17615972 | E20: 0.15163726 | F20: 0.15248474 | G20: 0 | H20: 0.25815654 | I20: 0.30345766 | J20: 0.32049665 | K20: 0.22692446 | L20: 0.20328007 | M20: 0.20369899 | N20: 0 | O20: 60.763175 | P20: 69.209552 | Q20: 171.36443 | R20: 68.080584 | S20: 49.697815 | T20: 50.243645 | U20: 0 | V20: =SUM(U20,N20,G20) -> 0 | W20: =SUM(predict!BK18,predict!BJ18,predict!BI18,predict!BH18,predict!BG18,predict!BF18) -> 1 | Y20: MONJOLINHO
A21: 0.76762699 | B21: 20.411741 | C21: 0.56845641 | D21: 0.64685551 | E21: 0.50294041 | F21: 0.44873671 | G21: 0 | H21: 1.295217 | I21: 68.554735 | J21: 0.80820784 | K21: 0.8696237 | L21: 0.81224905 | M21: 0.79082166 | N21: 0 | O21: 71.936715 | P21: 1848.5892 | Q21: 109.64556 | R21: 116.88511 | S21: 63.086378 | T21: 53.103057 | U21: 0 | V21: =SUM(U21,N21,G21) -> 0 | W21: =SUM(predict!BK19,predict!BJ19,predict!BI19,predict!BH19,predict!BG19,predict!BF19) -> 0 | Y21: MONTE.CLARO
A22: 0.088191807 | B22: 0.094443993 | C22: 0.36850878 | D22: 0.11100904 | E22: 0.083229774 | F22: 0.08513256 | G22: 0 | H22: 0.12623062 | I22: 0.13092195 | J22: 0.38773004 | K22: 0.13740264 | L22: 0.11361368 | M22: 0.11558915 | N22: 0 | O22: 45.368206 | P22: 51.20698 | Q22: 368.46312 | R22: 74.329465 | S22: 42.714225 | T22: 44.246668 | U22: 0 | V22: =SUM(U22,N22,G22) -> 0 | W22: =SUM(predict!BK20,predict!BJ20,predict!BI20,predict!BH20,predict!BG20,predict!BF20) -> 1 | Y22: PASSO.FUNDO
A23: 0.58467513 | B23: 0.74602279 | C23: 1.1637625 | D23: 0.42484738 | E23: 0.32665825 | F23: 0.33139878 | G23: 0 | H23: 1.0553706 | I23: 1.4227641 | J23: 1.722935 | K23: 0.51388564 | L23: 0.45282135 | M23: 0.45293353 | N23: 0 | O23: 84.776943 | P23: 114.68478 | Q23: 227.61033 | R23: 83.333181 | S23: 48.306026 | T23: 49.611433 | U23: 0 | V23: =SUM(U23,N23,G23) -> 0 | W23: =SUM(predict!BK21,predict!BJ21,predict!BI21,predict!BH21,predict!BG21,predict!BF21) -> 4 | Y23: PASSO.REAL
A24: 0.3011347 | B24: 0.3808409 | C24: 0.31712522 | D24: 0.42173452 | E24: 0.32825101 | F24: 0.32726555 | G24: 1 | H24: 0.40175746 | I24: 0.4707341 | J24: 0.36706771 | K24: 0.48770236 | L24: 0.42443263 | M24: 0.42376846 | N24: 0 | O24: 40.769575 | P24: 57.237443 | Q24: 65.394509 | R24: 76.960782 | S24: 47.202744 | T24: 47.132659 | U24: 1 | V24: =SUM(U24,N24,G24) -> 2 | W24: =SUM(predict!BK22,predict!BJ22,predict!BI22,predict!BH22,predict!BG22,predict!BF22) -> 4 | X24: 1 | Y24: PASSO.SAO.JOAO
A25: 0.065937269 | B25: 0.060990832 | C25: 0.099311912 | D25: 0.08317915 | E25: 0.080746334 | F25: 0.077661797 | G25: 0 | H25: 0.10277178 | I25: 0.093838218 | J25: 0.11698943 | K25: 0.12182413 | L25: 0.11613384 | M25: 0.11273846 | N25: 0 | O25: 40.428484 | P25: 42.245353 | Q25: 98.031764 | R25: 56.487332 | S25: 47.434705 | T25: 44.267069 | U25: 1 | V25: =SUM(U25,N25,G25) -> 1 | W25: =SUM(predict!BK23,predict!BJ23,predict!BI23,predict!BH23,predict!BG23,predict!BF23) -> 2 | Y25: QUEBRA.QUEIXO
A26: 0.78348837 | B26: 1.4896521 | C26: 115.27133 | D26: 1.4257485 | E26: 0.85536349 | F26: 0.78976665 | G26: 1 | H26: 1.6017842 | I26: 2.0518263 | J26: 389.13448 | K26: 1.9774581 | L26: 1.5829541 | M26: 1.4313144 | N26: 0 | O26: 22.976402 | P26: 66.456771 | Q26: 2195.2824 | R26: 57.997344 | S26: 26.813743 | T26: 23.882051 | U26: 1 | V26: =SUM(U26,N26,G26) -> 2 | W26: =SUM(predict!BK24,predict!BJ24,predict!BI24,predict!BH24,predict!BG24,predict!BF24) -> 2 | X26: 1 | Y26: SALTO.CAXIAS
A27: 0.58512034 | B27: 1.056916 | C27: 5.8059755 | D27: 1.0525293 | E27: 0.63876214 | F27: 0.58946123 | G27: 1 | H27: 1.2776263 | I27: 1.4879717 | J27: 16.742781 | K27: 1.5346334 | L27: 1.2888512 | M27: 1.2088755 | N27: 0 | O27: 22.808843 | P27: 65.875937 | Q27: 176.38499 | R27: 54.126333 | S27: 25.420512 | T27: 21.825403 | U27: 0 | V27: =SUM(U27,N27,G27) -> 1 | W27: =SUM(predict!BK25,predict!BJ25,predict!BI25,predict!BH25,predict!BG25,predict!BF25) -> 1 | X27: 1 | Y27: SALTO.OSORIO
A28: 0.20020759 | B28: 0.47984076 | C28: 0.17995307 | D28: 0.16280215 | E28: 0.15327696 | F28: 0.15409244 | G28: 0 | H28: 0.27690439 | I28: 1.1092261 | J28: 0.20379659 | K28: 0.22711529 | L28: 0.21084453 | M28: 0.21101837 | N28: 0 | O28: 82.957947 | P28: 148.0908 | Q28: 126.15914 | R28: 67.396332 | S28: 63.187199 | T28: 62.943687 | U28: 0 | V28: =SUM(U28,N28,G28) -> 0 | W28: =SUM(predict!BK26,predict!BJ26,predict!BI26,predict!BH26,predict!BG26,predict!BF26) -> 4 | Y28: SALTO.PILAO
A29: 0.66458948 | B29: 1.4814602 | C29: 1.0751564 | D29: 1.0447418 | E29: 0.6867234 | F29: 0.65525718 | G29: 0 | H29: 1.284047 | I29: 1.8522698 | J29: 1.559472 | K29: 1.5190367 | L29: 1.2570467 | M29: 1.1915631 | N29: 0 | O29: 26.358029 | P29: 102.39158 | Q29: 69.694134 | R29: 60.151284 | S29: 31.259697 | T29: 29.433726 | U29: 1 | V29: =SUM(U29,N29,G29) -> 1 | W29: =SUM(predict!BK27,predict!BJ27,predict!BI27,predict!BH27,predict!BG27,predict!BF27) -> 1 | Y29: SALTO.SANTIAGO
A30: 0.041882355 | B30: 0.063221431 | C30: 0.39854047 | D30: 0.11756988 | E30: 0.070869811 | F30: 0.063140666 | G30: 1 | H30: 0.099411968 | I30: 0.10497378 | J30: 0.41825797 | K30: 0.14880585 | L30: 0.11138405 | M30: 0.10420508 | N30: 1 | O30: 24.203894 | P30: 43.412857 | Q30: 440.50815 | R30: 100.02754 | S30: 46.597139 | T30: 39.969879 | U30: 1 | V30: =SUM(U30,N30,G30) -> 3 | W30: =SUM(predict!BK28,predict!BJ28,predict!BI28,predict!BH28,predict!BG28,predict!BF28) -> 0 | X30: 1 | Y30: SANTA.CLARA.PR
A31: 0.32846807 | B31: 0.40763505 | C31: 0.68150465 | D31: 0.45096704 | E31: 0.33363156 | F31: 0.33249492 | G31: 1 | H31: 0.43045825 | I31: 0.51308022 | J31: 0.92767842 | K31: 0.53459862 | L31: 0.43571174 | M31: 0.43484493 | N31: 1 | O31: 47.745483 | P31: 64.064237 | Q31: 175.37377 | R31: 80.337696 | S31: 49.128746 | T31: 49.081117 | U31: 1 | V31: =SUM(U31,N31,G31) -> 3 | W31: =SUM(predict!BK29,predict!BJ29,predict!BI29,predict!BH29,predict!BG29,predict!BF29) -> 3 | X31: 1 | Y31: SAO.JOSE
A32: 0.17294311 | B32: 0.21383665 | C32: 0.33818674 | D32: 0.20630298 | E32: 0.19763887 | F32: 0.19733414 | G32: 1 | H32: 0.23530287 | I32: 0.23943664 | J32: 0.36015744 | K32: 0.24444157 | L32: 0.25300926 | M32: 0.25031532 | N32: 1 | O32: 54.446197 | P32: 86.255989 | Q32: 155.95148 | R32: 77.477568 | S32: 74.952376 | T32: 74.914512 | U32: 1 | V32: =SUM(U32,N32,G32) -> 3 | W32: =SUM(predict!BK34,predict!BJ34,predict!BI34,predict!BH34,predict!BG34,predict!BF34) -> 5 | X32: 1 | Y32: SAO.ROQUE
A33: 0.50630184 | B33: 2.1756619 | C33: 1.2888949 | D33: 0.86572379 | E33: 0.54960179 | F33: 0.53786011 | G33: 1 | H33: 1.0199489 | I33: 3.4348755 | J33: 1.6565755 | K33: 1.2538039 | L33: 1.0338744 | M33: 0.99900904 | N33: 0 | O33: 26.547306 | P33: 141.02641 | Q33: 96.823423 | R33: 57.602792 | S33: 29.48183 | T33: 28.421512 | U33: 1 | V33: =SUM(U33,N33,G33) -> 2 | W33: =SUM(predict!BK30,predict!BJ30,predict!BI30,predict!BH30,predict!BG30,predict!BF30) -> 1 | X33: 1 | Y33: SEGREDO
A34: 0.77138267 | B34: 41.906378 | C34: 0.61795835 | D34: 0.6662229 | E34: 0.5177073 | F34: 0.46080546 | G34: 0 | H34: 1.2921354 | I34: 142.51673 | J34: 0.88039085 | K34: 0.89053671 | L34: 0.84281835 | M34: 0.81911336 | N34: 0 | O34: 68.233318 | P34: 3592.377 | Q34: 109.88712 | R34: 113.6878 | S34: 59.350445 | T34: 50.768181 | U34: 0 | V34: =SUM(U34,N34,G34) -> 0 | W34: =SUM(predict!BK2,predict!BJ2,predict!BI2,predict!BH2,predict!BG2,predict!BF2) -> 3 | Y34: X14.DE.JULHO
